{"stats":{"minecraft:picked_up":{"minecraft:repeater":1,"minecraft:redstone_torch":1},"minecraft:dropped":{"minecraft:redstone_torch":1,"minecraft:repeater":1},"minecraft:used":{"minecraft:redstone_torch":163,"minecraft:smooth_quartz_stairs":27,"minecraft:pink_concrete":68,"minecraft:lever":4,"minecraft:purple_concrete":76,"minecraft:repeater":137,"minecraft:redstone_lamp":25,"minecraft:lime_concrete":109,"minecraft:comparator":8,"minecraft:light_blue_concrete":36,"minecraft:command_block":67,"minecraft:light_gray_concrete":66,"minecraft:quartz_slab":71,"minecraft:black_stained_glass_pane":14,"minecraft:red_concrete":138,"minecraft:redstone":240,"minecraft:yellow_concrete":39,"minecraft:oak_sign":79,"minecraft:quartz_block":220,"minecraft:repeating_command_block":16,"minecraft:white_concrete":2,"minecraft:redstone_block":7,"minecraft:blue_concrete":105},"minecraft:custom":{"minecraft:time_since_rest":164402,"minecraft:crouch_one_cm":23607,"minecraft:sprint_one_cm":684,"minecraft:play_time":164402,"minecraft:walk_one_cm":254135,"minecraft:sneak_time":13931,"minecraft:drop":2,"minecraft:jump":466,"minecraft:leave_game":2,"minecraft:time_since_death":164402,"minecraft:total_world_time":275902,"minecraft:fly_one_cm":925000}},"DataVersion":2975}